{
  "garment": {
    "positive_sims": [
      0.24811317026615143,
      0.25084930658340454,
      0.245357483625412,
      0.2679755687713623,
      0.2063864916563034,
      0.24524477124214172,
      0.21310833096504211,
      0.21752259135246277,
      0.29309770464897156,
      0.20518308877944946,
      0.24499133229255676,
      0.24076977372169495,
      0.25535792112350464,
      0.2374209314584732,
      0.2884708642959595,
      0.23948480188846588,
      0.2334032654762268,
      0.23950716853141785,
      0.22808174788951874,
      0.250577449798584,
      0.2510374188423157,
      0.2001669853925705,
      0.21826951205730438,
      0.25875532627105713,
      0.2694009840488434,
      0.23194381594657898,
      0.24333488941192627,
      0.2424728125333786,
      0.24667979776859283,
      0.2615722715854645,
      0.21476811170578003,
      0.24716706573963165,
      0.19006307423114777,
      0.25413015484809875,
      0.23520304262638092,
      0.21501290798187256,
      0.21924123167991638,
      0.21898187696933746,
      0.22081099450588226,
      0.2644832730293274,
      0.15879206359386444,
      0.25808149576187134,
      0.24806684255599976,
      0.21463215351104736,
      0.21488121151924133,
      0.21617211401462555,
      0.24592643976211548,
      0.25774967670440674,
      0.22772137820720673,
      0.2437552958726883
    ],
    "negative_sims": [
      0.20348811149597168,
      0.22912873327732086,
      0.2133176177740097,
      0.22930975258350372,
      0.19357748329639435,
      0.2056628316640854,
      0.19516542553901672,
      0.2132255584001541,
      0.22515498101711273,
      0.1611844301223755,
      0.1924688071012497,
      0.22437258064746857,
      0.21149197220802307,
      0.2050420641899109,
      0.22736598551273346,
      0.2223825305700302,
      0.20767700672149658,
      0.22562971711158752,
      0.21270468831062317,
      0.22293999791145325,
      0.20776472985744476,
      0.22966589033603668,
      0.21277345716953278,
      0.21693292260169983,
      0.22062283754348755,
      0.229303240776062,
      0.22261402010917664,
      0.2193554788827896,
      0.22736111283302307,
      0.25492510199546814,
      0.21789832413196564,
      0.20926715433597565,
      0.23121526837348938,
      0.18270903825759888,
      0.1862543523311615,
      0.23590657114982605,
      0.23404507339000702,
      0.20112015306949615,
      0.20987096428871155,
      0.21041876077651978,
      0.20583203434944153,
      0.2371056228876114,
      0.19928821921348572,
      0.23287925124168396,
      0.21475979685783386,
      0.20925268530845642,
      0.2368413209915161,
      0.1992059201002121,
      0.22565957903862,
      0.21363042294979095
    ],
    "pos_mean": 0.23680355966091157,
    "pos_p10": 0.21243614703416824,
    "pos_p50": 0.24162129312753677,
    "neg_mean": 0.21511539161205293,
    "neg_p90": 0.23299583345651625,
    "neg_p50": 0.2141951099038124,
    "recommended_threshold": 0.223
  },
  "color": {
    "positive_dists": [
      48.43552415324934,
      26.68332812825267,
      17.291616465790582,
      65.27633568147036,
      41.593268686170845,
      23.62202362203543,
      7.681145747868608,
      17.72004514666935,
      16.186414056238647,
      30.740852297878796,
      62.185207244167,
      30.854497241083024,
      13.856406460551018,
      35.58089374931439,
      9.273618495495704,
      47.50789408087881,
      9.433981132056603,
      21.470910553583888,
      33.61547262794322,
      55.78530272392541,
      10.44030650891055,
      56.83308895353129,
      18.05547008526779,
      1.0,
      10.488088481701515,
      56.79788728465171,
      46.61544808322666,
      4.123105625617661,
      8.12403840463596,
      48.394214530251446,
      17.204650534085253,
      0.0,
      15.0996688705415,
      47.46577714522327,
      17.916472867168917,
      34.64101615137755,
      19.672315572906,
      13.416407864998739,
      7.874007874011811,
      25.317977802344327,
      40.50925820105819,
      9.899494936611665,
      13.2664991614216,
      9.899494936611665,
      23.323807579381203,
      61.28621378417825,
      11.090536506409418,
      73.5187051028512,
      66.19667665374146,
      28.722813232690143
    ],
    "negative_dists": [
      194.1391253714717,
      317.2648735678124,
      195.61441664662652,
      114.12712210513327,
      30.347981810987037,
      302.6912618494297,
      415.0879424892995,
      176.8078052575734,
      180.24982662959764,
      277.1624072633228,
      249.91598588325638,
      197.1547615453403,
      357.3079903948413,
      138.02535998866296,
      240.63457773146402,
      170.80398121823742,
      160.26540487578723,
      231.3158014490147,
      22.693611435820433,
      185.49932614432862,
      300.0983172228728,
      83.43260753446461,
      342.3010371003862,
      235.88556547614354,
      248.76092940813675,
      63.25345840347388,
      204.3330614462574,
      127.1573827978541,
      189.39376969689368,
      319.43387422125414,
      256.76643082770767,
      366.02458933792957,
      297.5735203273302,
      127.3184982632139,
      160.47741274085897,
      233.83968867581055,
      168.61198059449987,
      263.7783160155512,
      118.52847759083046,
      142.44648117801998,
      105.68348972285122,
      247.71152577141015,
      291.45497079308836,
      281.7481144568673,
      202.06187171260194,
      173.42721816370116,
      186.0806276859577,
      207.31136003605783,
      238.73206738936435,
      211.34568838753253
    ],
    "pos_mean": 28.239763620600613,
    "pos_p50": 22.397359066482544,
    "pos_p90": 57.27840143659599,
    "neg_mean": 211.04163793273864,
    "neg_p50": 203.19746657942966,
    "neg_p10": 113.28275886690507,
    "recommended_threshold": 85.281
  }
}